method,target,mu0,epss,fixed_risk,candidate_risk,boundary,bootstrap_rejections,risk_reps
reimherr,mu,1.3,-3,0.8432611030864238,0.6973116049382718,1,2,1000
reimherr,joint_log,1.3,-2,1.6292380994837543,1.6140279949477163,0,2,1000
reimherr,mu,1.32,-3,0.799668203086424,0.6637797530864201,1,1,1000
reimherr,joint_log,1.32,-2,1.5040007606525652,1.6164384850888123,0,1,1000
reimherr,mu,1.34,-3,0.7529114141975345,0.6958864197530865,1,3,1000
reimherr,joint_log,1.34,-1,1.4156639018794666,1.3295768337519471,0,3,1000
reimherr,mu,1.36,-3,0.719638958641979,0.6925175308641979,1,1,1000
reimherr,joint_log,1.36,-1,1.326596125583294,1.4237943602542542,0,1,1000
reimherr,mu,1.38,-3,0.6813303864197574,0.6598730864197535,1,1,1000
reimherr,joint_log,1.38,0,1.2328682271658098,1.179223271314732,0,1,1000
reimherr,mu,1.4,-3,0.6582482586419799,0.6585827160493829,1,4,1000
reimherr,joint_log,1.4,0,1.1553068539833282,1.2563589238780741,0,4,1000
reimherr,mu,1.42,-3,0.6266989030864234,0.6750182716049388,1,4,1000
reimherr,joint_log,1.42,1,1.0739994847654621,1.1076207390388675,0,4,1000
reimherr,mu,1.44,-2,0.5960673475308669,0.5339763063744019,0,1,1000
reimherr,joint_log,1.44,1,1.0301484170802824,1.0396471403179657,0,1,1000
reimherr,mu,1.46,-2,0.5591301141975337,0.5128424288233815,0,2,1000
reimherr,joint_log,1.46,2,0.9637044748336836,0.9604877707293809,0,2,1000
reimherr,mu,1.48,-2,0.5294059030864227,0.5367224288233814,0,2,1000
reimherr,joint_log,1.48,2,0.9268052334703052,0.9292569768560727,0,2,1000
reimherr,mu,1.5,-2,0.4957581253086447,0.5284781204333587,0,3,1000
reimherr,joint_log,1.5,3,0.8872747798965384,0.8396813850271312,0,3,1000
reimherr,mu,1.52,-1,0.47810475308642236,0.4568631975308646,0,3,1000
reimherr,joint_log,1.52,3,0.8840338892142691,0.8801341420364772,0,3,1000
reimherr,mu,1.54,-1,0.4499404641975334,0.46691564197530877,0,1,1000
reimherr,joint_log,1.54,3,0.8647001100702448,0.9213708527220326,0,1,1000
reimherr,mu,1.56,-1,0.42209915864197767,0.4580606419753087,0,0,1000
reimherr,joint_log,1.56,3,0.8486109030243021,0.8544809653522089,0,0,1000
reimherr,mu,1.58,0,0.401495425308644,0.3768266666666668,0,0,1000
reimherr,joint_log,1.58,3,0.8535159763500553,0.8810334687221009,0,0,1000
reimherr,mu,1.6,0,0.3923929141975321,0.4035947325102878,0,2,1000
reimherr,joint_log,1.6,3,0.8737070047517147,0.8667576687784174,0,2,1000
reimherr,mu,1.62,0,0.37896455864197676,0.3952916872427985,0,1,1000
reimherr,joint_log,1.62,3,0.8996864740316997,0.8902710643128767,0,1,1000
reimherr,mu,1.64,1,0.3558645475308657,0.3346526673721341,0,3,1000
reimherr,joint_log,1.64,2,0.9298578814857985,0.942857291393573,0,3,1000
reimherr,mu,1.66,1,0.3437180586419766,0.345282610229277,0,5,1000
reimherr,joint_log,1.66,2,0.9193368597388962,0.9381959190782105,0,5,1000
reimherr,mu,1.68,1,0.3439603419753095,0.3397296197530866,0,4,1000
reimherr,joint_log,1.68,2,0.9727507261562036,0.9473726421536369,0,4,1000
reimherr,mu,1.7,1,0.32889966975308726,0.33714318165784835,0,2,1000
reimherr,joint_log,1.7,2,1.002902132049247,0.9792367294392772,0,2,1000
reimherr,mu,1.72,2,0.30561539197530946,0.30795235180083663,0,3,1000
reimherr,joint_log,1.72,2,1.0036162535499473,0.9869325698561748,0,3,1000
reimherr,mu,1.74,2,0.3109549086419757,0.3056205336190186,0,2,1000
reimherr,joint_log,1.74,1,1.032201745139583,1.063828577869419,0,2,1000
reimherr,mu,1.76,2,0.30669485308642014,0.3111561350882562,0,0,1000
reimherr,joint_log,1.76,1,1.0339200761308018,1.0223769599939139,0,0,1000
reimherr,mu,1.78,3,0.29257977530864226,0.28085777777777793,0,1,1000
reimherr,joint_log,1.78,2,1.0086508695505314,0.9480208165953009,0,1,1000
reimherr,mu,1.8,2,0.31142031975308676,0.30865380267319664,0,1,1000
reimherr,joint_log,1.8,1,1.052332139465738,1.0843933161297719,0,1,1000
reimherr,mu,1.8044444444444447,3,0.2977423944444447,0.28738209876543225,0,0,1000
reimherr,joint_log,1.8044444444444447,2,0.9781671416874825,0.92154685176697,0,0,1000
reimherr,mu,1.805,3,0.2875399586419751,0.2734781481481484,0,4,1000
reimherr,joint_log,1.805,1,1.0042165402547625,1.0362997837225374,0,4,1000
reimherr,mu,1.81,2,0.30720293086419725,0.3108823609835731,0,0,1000
reimherr,joint_log,1.81,2,1.0118216199115386,0.9663379698925649,0,0,1000
reimherr,mu,1.815,2,0.3003714780864199,0.30554087338026736,0,2,1000
reimherr,joint_log,1.815,2,0.9939903691926649,0.9724033953122186,0,2,1000
reimherr,mu,1.82,2,0.29653039753086424,0.310371874298541,0,3,1000
reimherr,joint_log,1.82,2,1.0007693049714417,0.9642503671956147,0,3,1000
reimherr,mu,1.825,2,0.30285885586419725,0.3042920487705337,0,4,1000
reimherr,joint_log,1.825,1,1.0030553965798394,1.0377703395497557,0,4,1000
reimherr,mu,1.83,2,0.2984320641975304,0.3112200652994593,0,2,1000
reimherr,joint_log,1.83,2,0.9693878445860116,0.9930430025372557,0,2,1000
reimherr,mu,1.835,3,0.2928856808641974,0.28174913580246924,0,8,1000
reimherr,joint_log,1.835,2,0.9669952506797195,0.9313251056407071,0,8,1000
reimherr,mu,1.84,2,0.29824975308641927,0.30186304968880734,0,0,1000
reimherr,joint_log,1.84,2,1.0077436232093082,0.9381275690112899,0,0,1000
reimherr,mu,1.845,2,0.3040213280864192,0.3074386327925722,0,0,1000
reimherr,joint_log,1.845,2,0.9691205870311851,0.9232572444953087,0,0,1000
reimherr,mu,1.85,2,0.3061292753086418,0.3206101938577696,0,5,1000
reimherr,joint_log,1.85,2,0.9344557389076339,0.9898373519774973,0,5,1000
reimherr,mu,1.855,2,0.3042556891975306,0.31026286603407804,0,0,1000
reimherr,joint_log,1.855,2,0.9736562892038969,0.931839772075328,0,0,1000
reimherr,mu,1.86,2,0.30328011975308583,0.29886452810937697,0,5,1000
reimherr,joint_log,1.86,2,0.9588944194532051,0.9439601143394944,0,5,1000
reimherr,mu,1.865,2,0.2970895336419745,0.3016607080910113,0,2,1000
reimherr,joint_log,1.865,2,0.9524599647647372,0.9696019330468163,0,2,1000
reimherr,mu,1.87,2,0.3078060753086417,0.3222798540965208,0,0,1000
reimherr,joint_log,1.87,2,0.9423991465668355,0.9761431341236567,0,0,1000
reimherr,mu,1.875,2,0.2969619030864192,0.3057933435363739,0,1,1000
reimherr,joint_log,1.875,2,0.9295351299036564,0.9556145848967679,0,1,1000
reimherr,mu,1.88,2,0.3202537919753075,0.30913252627282917,0,2,1000
reimherr,joint_log,1.88,2,0.8998489990673454,0.9187974596237559,0,2,1000
reimherr,mu,1.885,2,0.3199082141975304,0.307304794408734,0,4,1000
reimherr,joint_log,1.885,3,0.8935242178988172,0.8741562066502033,0,4,1000
reimherr,mu,1.89,2,0.32014280864197464,0.30356691562085514,0,1,1000
reimherr,joint_log,1.89,3,0.8829814381509428,0.8313083924898733,0,1,1000
reimherr,mu,1.895,2,0.30762148364197445,0.3073392388531783,0,1,1000
reimherr,joint_log,1.895,2,0.8924674632457522,0.9749648091482441,0,1,1000
reimherr,mu,1.9,2,0.3248981641975297,0.3016138945005612,0,4,1000
reimherr,joint_log,1.9,3,0.8769525025073612,0.8707944452989472,0,4,1000
reimherr,mu,1.905,2,0.31827633641975267,0.3032345556575863,0,2,1000
reimherr,joint_log,1.905,3,0.8506648820649253,0.8529781524497668,0,2,1000
reimherr,mu,1.91,1,0.32511647530864124,0.3396303435626103,0,1,1000
reimherr,joint_log,1.91,3,0.8701030962074197,0.8433055905254994,0,1,1000
reimherr,mu,1.915,2,0.32129201697530757,0.3119169431690643,0,3,1000
reimherr,joint_log,1.915,3,0.8486124597556284,0.8539087757445593,0,3,1000
reimherr,mu,1.92,2,0.31179389197530777,0.2993245097439037,0,2,1000
reimherr,joint_log,1.92,3,0.8113408178718091,0.8389799858026318,0,2,1000
reimherr,mu,1.925,2,0.32097454753086346,0.3102073196612589,0,1,1000
reimherr,joint_log,1.925,4,0.8122253526449186,0.7855064248701338,0,1,1000
reimherr,mu,1.93,1,0.3425276753086406,0.3351915880070547,0,3,1000
reimherr,joint_log,1.93,3,0.8210779944034285,0.8563242678404688,0,3,1000
reimherr,mu,1.935,1,0.3434000780864181,0.3386042356261023,0,2,1000
reimherr,joint_log,1.935,3,0.824988694866599,0.8516916769196039,0,2,1000
reimherr,mu,1.94,1,0.3385783919753079,0.34701718800705467,0,1,1000
reimherr,joint_log,1.94,4,0.7965200901229255,0.8112322619339378,0,1,1000
reimherr,mu,1.945,1,0.34760874475308534,0.33801482610229305,0,2,1000
reimherr,joint_log,1.945,3,0.8075503682847457,0.8532422246175334,0,2,1000
reimherr,mu,1.95,1,0.33428239753086264,0.3401389657848327,0,6,1000
reimherr,joint_log,1.95,4,0.784343168362554,0.7767540837498518,0,6,1000
reimherr,mu,1.955,1,0.33823057530864065,0.334206572134039,0,2,1000
reimherr,joint_log,1.955,4,0.7722313757568144,0.7933891353317863,0,2,1000
reimherr,mu,1.96,1,0.3545237808641964,0.3369607816578483,0,1,1000
reimherr,joint_log,1.96,4,0.7809566949642093,0.8139742428970653,0,1,1000
reimherr,mu,1.965,1,0.3471107058641958,0.3397006673721343,0,1,1000
reimherr,joint_log,1.965,4,0.7633878565928619,0.7651366914679071,0,1,1000
reimherr,mu,1.97,1,0.3456369753086402,0.339596032451499,0,2,1000
reimherr,joint_log,1.97,4,0.7624239840115804,0.7815093702381084,0,2,1000
reimherr,mu,1.975,0,0.37439152530864106,0.4011086419753085,0,0,1000
reimherr,joint_log,1.975,4,0.7946180316610649,0.7930932217316536,0,0,1000
reimherr,mu,1.98,1,0.35853415308641856,0.3441814800705468,0,2,1000
reimherr,joint_log,1.98,5,0.7524167710335471,0.7145603797385248,0,2,1000
reimherr,mu,1.985,0,0.3699716864197512,0.3885751440329218,0,2,1000
reimherr,joint_log,1.985,4,0.7503493987150344,0.7367257387797079,0,2,1000
reimherr,mu,1.99,1,0.35515429753086214,0.35465957530864217,0,0,1000
reimherr,joint_log,1.99,4,0.7431184150471857,0.7570879633760704,0,0,1000
reimherr,mu,1.995,0,0.3777191086419741,0.39007440329218107,0,0,1000
reimherr,joint_log,1.995,5,0.7460423648999065,0.7583307081159641,0,0,1000
reimherr,mu,2.0,0,0.3779004753086403,0.3831102880658435,0,1,1000
reimherr,joint_log,2.0,5,0.745301281185857,0.7365293356155691,0,1,1000
reimherr,mu,2.02,0,0.40153949753086227,0.3952732510288067,0,2,1000
reimherr,joint_log,2.02,5,0.7444138912468907,0.7387520091151069,0,2,1000
reimherr,mu,2.04,-1,0.424026430864195,0.4328723086419757,0,1,1000
reimherr,joint_log,2.04,5,0.7499298925953636,0.7361833866459213,0,1,1000
reimherr,mu,2.06,-1,0.4373193197530837,0.47031630864197554,0,3,1000
reimherr,joint_log,2.06,5,0.7473536121536215,0.7214623399445259,0,3,1000
reimherr,mu,2.08,-1,0.4624252475308616,0.4484890308641978,0,2,1000
reimherr,joint_log,2.08,4,0.7723546434971128,0.7869993234711442,0,2,1000
reimherr,mu,2.1,-1,0.49056659197530694,0.4448706419753088,0,5,1000
reimherr,joint_log,2.1,4,0.8116425465695707,0.8155463042871698,0,5,1000
reimherr,mu,2.12,-2,0.5199027586419731,0.5427599798437897,0,1,1000
reimherr,joint_log,2.12,3,0.8515059686784716,0.9064499904124032,0,1,1000
reimherr,mu,2.14,-2,0.5522139697530838,0.5479316805240617,0,1,1000
reimherr,joint_log,2.14,3,0.8987203890377166,0.8680667587170044,0,1,1000
reimherr,mu,2.16,-2,0.5594677641975282,0.5411675081884608,0,5,1000
reimherr,joint_log,2.16,2,0.9346852699770006,0.9625168294431523,0,5,1000
reimherr,mu,2.18,-2,0.5908187530864165,0.5488262836986648,0,2,1000
reimherr,joint_log,2.18,1,1.0054747084933933,1.0471237504869024,0,2,1000
reimherr,mu,2.2,-3,0.6238765419753051,0.6609056790123459,1,1,1000
reimherr,joint_log,2.2,1,1.0623494908998465,1.0258673909277187,0,1,1000
reimherr,mu,2.22,-3,0.6647373364197485,0.6542671604938275,1,2,1000
reimherr,joint_log,2.22,1,1.1560648803693485,1.12254582615555,0,2,1000
reimherr,mu,2.24,-3,0.7042534475308612,0.6936286419753089,1,1,1000
reimherr,joint_log,2.24,0,1.2390526985125074,1.177705459770973,0,1,1000
reimherr,mu,2.26,-3,0.7460005141975262,0.6694064197530867,1,6,1000
reimherr,joint_log,2.26,-1,1.33607613771486,1.3967212133551157,0,6,1000
reimherr,mu,2.28,-3,0.7772900364197498,0.6722419753086422,1,3,1000
reimherr,joint_log,2.28,-1,1.441608133938887,1.3247925952960942,0,3,1000
reimherr,mu,2.3,-3,0.8148198141975269,0.6746301234567903,1,2,1000
reimherr,joint_log,2.3,-2,1.5482364506760897,1.6061827142817968,0,2,1000
