method,target,mu0,epss,fixed_risk,candidate_risk,boundary,risk_reps
wiesenfarth,mu,1.3,-6,0.24239451121366518,0.23278238096594722,0,1000
wiesenfarth,joint_log,1.3,-9,0.5667891273130754,0.5640789424413417,0,1000
wiesenfarth,mu,1.32,-5,0.244157374420674,0.24742542558800829,0,1000
wiesenfarth,joint_log,1.32,-8,0.5459096416359683,0.5528353073139795,0,1000
wiesenfarth,mu,1.34,-4,0.2548017615229835,0.2606527461033523,0,1000
wiesenfarth,joint_log,1.34,-7,0.5778152505636176,0.5640454102410644,0,1000
wiesenfarth,mu,1.36,-4,0.24952477993307198,0.2636900361277857,0,1000
wiesenfarth,joint_log,1.36,-5,0.5885071612315282,0.6107870560087888,0,1000
wiesenfarth,mu,1.38,-3,0.26948243912784936,0.2533448841742996,0,1000
wiesenfarth,joint_log,1.38,-5,0.5818605997153385,0.569337086997876,0,1000
wiesenfarth,mu,1.4,-4,0.22811488195888852,0.22155630592394562,0,1000
wiesenfarth,joint_log,1.4,-4,0.5550981980693898,0.5601622959310408,0,1000
wiesenfarth,mu,1.42,-3,0.24380247087801507,0.2371106095452265,0,1000
wiesenfarth,joint_log,1.42,-3,0.5566958490812753,0.5864302289695711,0,1000
wiesenfarth,mu,1.44,-3,0.24105555054154876,0.23600092130401265,0,1000
wiesenfarth,joint_log,1.44,-3,0.5467196349319188,0.5279269535781028,0,1000
wiesenfarth,mu,1.46,-3,0.2473850110507301,0.2299658389059178,0,1000
wiesenfarth,joint_log,1.46,-2,0.5591567677631958,0.5513301359060527,0,1000
wiesenfarth,mu,1.48,-1,0.25927750460932236,0.27822766089487605,0,1000
wiesenfarth,joint_log,1.48,-1,0.5431961953442562,0.5579226389938919,0,1000
wiesenfarth,mu,1.5,-1,0.26197555970109454,0.25682024614379795,0,1000
wiesenfarth,joint_log,1.5,0,0.5521062828183199,0.5860594603030627,0,1000
wiesenfarth,mu,1.52,-1,0.241451444588877,0.24037163375347814,0,1000
wiesenfarth,joint_log,1.52,1,0.5547939112522561,0.5639385430718208,0,1000
wiesenfarth,mu,1.54,-1,0.24375332202967198,0.2561018001619768,0,1000
wiesenfarth,joint_log,1.54,1,0.5367110626679105,0.5561063595909991,0,1000
wiesenfarth,mu,1.56,0,0.2677110886429961,0.2792139554285299,0,1000
wiesenfarth,joint_log,1.56,1,0.5670391943292439,0.5569200356341919,0,1000
wiesenfarth,mu,1.58,0,0.262858449667754,0.2740319360299891,0,1000
wiesenfarth,joint_log,1.58,2,0.6007636343822298,0.5918267189123084,0,1000
wiesenfarth,mu,1.6,0,0.2474131177629229,0.25132221408529937,0,1000
wiesenfarth,joint_log,1.6,2,0.5400281185291861,0.5376311304320628,0,1000
wiesenfarth,mu,1.62,0,0.25808332121012023,0.24448719970407878,0,1000
wiesenfarth,joint_log,1.62,2,0.5539539469164904,0.5356383326614923,0,1000
wiesenfarth,mu,1.64,1,0.22690265298077997,0.24305810666285152,0,1000
wiesenfarth,joint_log,1.64,2,0.5360498270923378,0.5195965957915663,0,1000
wiesenfarth,mu,1.66,1,0.25001837833726814,0.26119623785546775,0,1000
wiesenfarth,joint_log,1.66,3,0.5844990488053888,0.5839799353133819,0,1000
wiesenfarth,mu,1.68,1,0.2522532844943646,0.24011938691077608,0,1000
wiesenfarth,joint_log,1.68,2,0.5539909213368553,0.5234407733607521,0,1000
wiesenfarth,mu,1.7,1,0.2374023568006017,0.23394980021043568,0,1000
wiesenfarth,joint_log,1.7,3,0.5537714206068974,0.5798270418365771,0,1000
wiesenfarth,mu,1.72,2,0.25348907079308336,0.2651491861066262,0,1000
wiesenfarth,joint_log,1.72,3,0.5875434652283273,0.605197430059415,0,1000
wiesenfarth,mu,1.74,2,0.27310691166993983,0.2550452361028076,0,1000
wiesenfarth,joint_log,1.74,3,0.606280248606997,0.618365029126722,0,1000
wiesenfarth,mu,1.76,2,0.24960677465381134,0.2442744697786976,0,1000
wiesenfarth,joint_log,1.76,2,0.5782369537817876,0.5369318489142361,0,1000
wiesenfarth,mu,1.78,2,0.25352026768276587,0.24684368313839122,0,1000
wiesenfarth,joint_log,1.78,2,0.5845628423012873,0.5378484979856062,0,1000
wiesenfarth,mu,1.8,3,0.2450428728794018,0.26078686517157634,0,1000
wiesenfarth,joint_log,1.8,3,0.5633156847180809,0.588879925552998,0,1000
wiesenfarth,mu,1.8044444444444447,3,0.26127387836480553,0.2641593478117511,0,1000
wiesenfarth,joint_log,1.8044444444444447,3,0.5701666902018724,0.5795903727725203,0,1000
wiesenfarth,mu,1.805,2,0.23216186154262022,0.25974940419072845,0,1000
wiesenfarth,joint_log,1.805,2,0.5450020597583373,0.569329099705893,0,1000
wiesenfarth,mu,1.81,2,0.24904274289960063,0.2329445912622817,0,1000
wiesenfarth,joint_log,1.81,2,0.5361807019693494,0.5581722206297729,0,1000
wiesenfarth,mu,1.815,3,0.28414919947864736,0.26688002299025515,0,1000
wiesenfarth,joint_log,1.815,2,0.5841718101651283,0.5722611470466396,0,1000
wiesenfarth,mu,1.82,1,0.23010926360219444,0.23507855015585025,0,1000
wiesenfarth,joint_log,1.82,2,0.5348735226939227,0.5170349594367033,0,1000
wiesenfarth,mu,1.825,3,0.2706893478971224,0.27259187511295624,0,1000
wiesenfarth,joint_log,1.825,2,0.5598442063039277,0.5302317606182644,0,1000
wiesenfarth,mu,1.83,2,0.2562440304946185,0.24895792840503822,0,1000
wiesenfarth,joint_log,1.83,2,0.5741898586844856,0.5601526045135751,0,1000
wiesenfarth,mu,1.835,1,0.22258564280692394,0.22725496834214065,0,1000
wiesenfarth,joint_log,1.835,2,0.5507467648604549,0.5545704193488138,0,1000
wiesenfarth,mu,1.84,3,0.2643315789046848,0.27550721013201573,0,1000
wiesenfarth,joint_log,1.84,2,0.5449468187658907,0.558312749324961,0,1000
wiesenfarth,mu,1.845,2,0.2427051359879938,0.23817814973296253,0,1000
wiesenfarth,joint_log,1.845,2,0.5524032964014121,0.5230739653527942,0,1000
wiesenfarth,mu,1.85,1,0.24237759261024075,0.223706850264039,0,1000
wiesenfarth,joint_log,1.85,1,0.5272002921262459,0.500132825064284,0,1000
wiesenfarth,mu,1.855,2,0.25179030481502845,0.24887886119593947,0,1000
wiesenfarth,joint_log,1.855,2,0.5751522589855447,0.5430593206007633,0,1000
wiesenfarth,mu,1.86,1,0.23557755381704665,0.24006471980613783,0,1000
wiesenfarth,joint_log,1.86,2,0.5286517891995705,0.5114315194460605,0,1000
wiesenfarth,mu,1.865,2,0.2363080729759392,0.24320150412063413,0,1000
wiesenfarth,joint_log,1.865,2,0.5507924427801165,0.5370700415810388,0,1000
wiesenfarth,mu,1.87,1,0.24169798447822544,0.24121321773246257,0,1000
wiesenfarth,joint_log,1.87,2,0.5374619284695591,0.5688916835385358,0,1000
wiesenfarth,mu,1.875,1,0.23658368642830013,0.22982546696170117,0,1000
wiesenfarth,joint_log,1.875,2,0.5455952949432267,0.5271812443969757,0,1000
wiesenfarth,mu,1.88,2,0.2465846219615588,0.2601801292920617,0,1000
wiesenfarth,joint_log,1.88,3,0.5839592710408763,0.5826753212027139,0,1000
wiesenfarth,mu,1.885,1,0.2304422752177164,0.2258528984436175,0,1000
wiesenfarth,joint_log,1.885,2,0.5635772980440956,0.5486351018363392,0,1000
wiesenfarth,mu,1.89,2,0.23571578324646184,0.23920644857279671,0,1000
wiesenfarth,joint_log,1.89,3,0.5505745029605373,0.598177607968142,0,1000
wiesenfarth,mu,1.895,2,0.24591972118026706,0.26372238113693014,0,1000
wiesenfarth,joint_log,1.895,2,0.5406421474363664,0.5490244546610484,0,1000
wiesenfarth,mu,1.9,2,0.25657020533512387,0.2522720700732759,0,1000
wiesenfarth,joint_log,1.9,2,0.5565599555961878,0.5226348771027973,0,1000
wiesenfarth,mu,1.905,2,0.2682773436471856,0.260465559561853,0,1000
wiesenfarth,joint_log,1.905,3,0.5822049671789007,0.635698479724183,0,1000
wiesenfarth,mu,1.91,1,0.25133340191347064,0.2337631855031997,0,1000
wiesenfarth,joint_log,1.91,2,0.5519629996426929,0.5587696634607867,0,1000
wiesenfarth,mu,1.915,1,0.2517514938238479,0.22818478831344732,0,1000
wiesenfarth,joint_log,1.915,2,0.5435640717221584,0.555704206091161,0,1000
wiesenfarth,mu,1.92,1,0.23566790193028134,0.23710479211319188,0,1000
wiesenfarth,joint_log,1.92,2,0.5450700552378837,0.5202952903573144,0,1000
wiesenfarth,mu,1.925,1,0.2464960135024617,0.23652039484454132,0,1000
wiesenfarth,joint_log,1.925,2,0.538135318418544,0.5408454112106668,0,1000
wiesenfarth,mu,1.93,2,0.24994270498244867,0.2613086956417742,0,1000
wiesenfarth,joint_log,1.93,2,0.5512992100422112,0.5116893726521607,0,1000
wiesenfarth,mu,1.935,2,0.2629948347174118,0.2511182229023647,0,1000
wiesenfarth,joint_log,1.935,3,0.5562411260531799,0.5722536435899617,0,1000
wiesenfarth,mu,1.94,2,0.2651899292890577,0.2597929383840333,0,1000
wiesenfarth,joint_log,1.94,3,0.5640463168262841,0.5655926549140263,0,1000
wiesenfarth,mu,1.945,1,0.2522155424239948,0.2349831839733154,0,1000
wiesenfarth,joint_log,1.945,3,0.5518350001968132,0.5764220257846212,0,1000
wiesenfarth,mu,1.95,2,0.2593274494537292,0.2616827844341781,0,1000
wiesenfarth,joint_log,1.95,3,0.5895914545780672,0.5846705612607871,0,1000
wiesenfarth,mu,1.955,1,0.25683535443966365,0.2574817702919593,0,1000
wiesenfarth,joint_log,1.955,2,0.5446456497036349,0.5216605412599538,0,1000
wiesenfarth,mu,1.96,1,0.2648297227245676,0.25301644582392036,0,1000
wiesenfarth,joint_log,1.96,3,0.5782586077618721,0.576531197483687,0,1000
wiesenfarth,mu,1.965,0,0.24981355719951442,0.23583744157769018,0,1000
wiesenfarth,joint_log,1.965,3,0.5686503749104389,0.6012615134863831,0,1000
wiesenfarth,mu,1.97,1,0.24276753629478465,0.23233068490920716,0,1000
wiesenfarth,joint_log,1.97,2,0.5656694993401634,0.5589440653109468,0,1000
wiesenfarth,mu,1.975,0,0.23208459326721081,0.2170862152101921,0,1000
wiesenfarth,joint_log,1.975,3,0.5573730600698262,0.5726630896781177,0,1000
wiesenfarth,mu,1.98,0,0.24683536533046505,0.2331610738372766,0,1000
wiesenfarth,joint_log,1.98,2,0.543438618642256,0.5373457732050267,0,1000
wiesenfarth,mu,1.985,-1,0.24259322407306155,0.22642742789846546,0,1000
wiesenfarth,joint_log,1.985,3,0.5663840807625987,0.6029833499434508,0,1000
wiesenfarth,mu,1.99,1,0.2539455614495231,0.25848907787568914,0,1000
wiesenfarth,joint_log,1.99,2,0.5450598622529605,0.5269343624092703,0,1000
wiesenfarth,mu,1.995,1,0.25887821273932715,0.2511072740559186,0,1000
wiesenfarth,joint_log,1.995,2,0.5599698306426178,0.5259798349880248,0,1000
wiesenfarth,mu,2.0,0,0.28960128577406247,0.28473974452201867,0,1000
wiesenfarth,joint_log,2.0,3,0.5986998771464016,0.6534868489979179,0,1000
wiesenfarth,mu,2.02,0,0.2562077727129539,0.2533043745414494,0,1000
wiesenfarth,joint_log,2.02,2,0.5509826816030333,0.5585548641350029,0,1000
wiesenfarth,mu,2.04,-1,0.2397617592555412,0.24623921229987009,0,1000
wiesenfarth,joint_log,2.04,1,0.5113365079767385,0.5024551740423575,0,1000
wiesenfarth,mu,2.06,-1,0.2561493177733804,0.23770688965463194,0,1000
wiesenfarth,joint_log,2.06,1,0.5433926375400749,0.5571884049246515,0,1000
wiesenfarth,mu,2.08,-1,0.25029414500582053,0.25035913100975293,0,1000
wiesenfarth,joint_log,2.08,0,0.5588819287095311,0.5510845990139333,0,1000
wiesenfarth,mu,2.1,-2,0.24083428143182561,0.22858117913036305,0,1000
wiesenfarth,joint_log,2.1,0,0.5504281485098832,0.5578142935172222,0,1000
wiesenfarth,mu,2.12,-1,0.25958607143249207,0.250532740661924,0,1000
wiesenfarth,joint_log,2.12,0,0.5680091488594924,0.6034307100438124,0,1000
wiesenfarth,mu,2.14,-2,0.25833643904335996,0.26211980538126406,0,1000
wiesenfarth,joint_log,2.14,-2,0.5489325186044557,0.5317978273989471,0,1000
wiesenfarth,mu,2.16,-3,0.2543216507815323,0.24906135093878012,0,1000
wiesenfarth,joint_log,2.16,-2,0.576742869979583,0.545292900762145,0,1000
wiesenfarth,mu,2.18,-3,0.2450063962894926,0.23525001263556075,0,1000
wiesenfarth,joint_log,2.18,-3,0.5349875614515167,0.5531634325361344,0,1000
wiesenfarth,mu,2.2,-3,0.239086195656762,0.2518504204588143,0,1000
wiesenfarth,joint_log,2.2,-4,0.5626267326739842,0.534832329730847,0,1000
wiesenfarth,mu,2.22,-4,0.2406824853659943,0.25356539583608173,0,1000
wiesenfarth,joint_log,2.22,-5,0.5672071633307062,0.5262070947953207,0,1000
wiesenfarth,mu,2.24,-4,0.265995512426655,0.24906869270945556,0,1000
wiesenfarth,joint_log,2.24,-5,0.5854288160663459,0.6128561596713,0,1000
wiesenfarth,mu,2.26,-3,0.27064044277893545,0.26628406232511376,0,1000
wiesenfarth,joint_log,2.26,-6,0.5853910031903562,0.5682964467836924,0,1000
wiesenfarth,mu,2.28,-5,0.23820354555914752,0.24392361619600433,0,1000
wiesenfarth,joint_log,2.28,-9,0.5370483846449235,0.5338749914763737,0,1000
wiesenfarth,mu,2.3,-5,0.24191043216816838,0.24912327331078932,0,1000
wiesenfarth,joint_log,2.3,-9,0.5563502421397117,0.5421483794397782,0,1000
